monoid_size,n_interfaces
326,6
327,44
328,334
329,10
330,32
331,61
332,45
333,26
334,71
335,50
336,28
337,45
338,66
339,63
340,40
341,54
342,54
343,101
344,13
345,74
346,62
347,30
348,20
349,26
350,18
351,21
352,38
353,21
354,4
355,43
356,24
357,15
358,20
359,30
360,22
361,15
362,18
363,19
364,8
365,26
366,28
367,39
368,41
369,19
370,15
371,32
372,27
373,18
374,41
375,6
376,10
377,25
378,20
379,23
380,15
381,9
382,13
383,13
384,17
385,58
386,55
387,35
388,10
389,43
390,50
391,34
392,120
393,77
394,11
395,43
396,30
397,39
398,47
399,27
400,48
401,37
402,60
403,30
404,49
405,14
406,29
407,20
408,54
409,47
410,30
411,84
412,88
413,78
414,72
415,51
416,66
417,82
418,54
419,29
420,37
421,25
422,60
423,21
424,37
425,31
426,27
427,67
428,32
429,46
430,47
431,48
432,41
433,21
434,23
435,40
436,22
437,23
438,35
439,14
440,51
441,13
442,33
443,41
444,28
445,45
446,20
447,23
448,34
449,25
450,30
451,35
452,57
453,43
454,57
455,35
456,58
457,49
458,55
459,34
460,35
461,44
462,53
463,36
464,16
465,30
466,62
467,54
468,49
469,78
470,88
471,48
472,61
473,64
474,50
475,61
476,89
477,57
478,96
479,75
480,46
481,60
482,68
483,49
484,98
485,77
486,67
487,65
488,70
489,54
490,53
491,92
492,58
493,54
494,77
495,49
496,97
497,67
498,70
499,103
500,80
501,49
502,52
503,55
504,36
505,109
506,46
507,46
508,35
509,59
510,16
511,34
512,67
513,91
514,34
515,67
516,50
517,63
518,46
519,52
520,24
521,64
522,35
523,54
524,49
525,47
526,45
527,34
528,25
529,97
530,103
531,118
532,75
533,89
534,67
535,73
536,57
537,49
538,65
539,40
540,64
541,50
542,64
543,58
544,54
545,84
546,76
547,64
548,80
549,72
550,64
551,71
552,92
553,66
554,67
555,83
556,78
557,66
558,56
559,111
560,83
561,47
562,97
563,94
564,82
565,53
566,58
567,75
568,68
569,83
570,57
571,53
572,48
573,39
574,72
575,63
576,59
577,74
578,83
579,58
580,99
581,55
582,66
583,112
584,66
585,65
586,74
587,78
588,87
589,108
590,53
591,56
592,66
593,58
594,91
595,96
596,113
597,76
598,64
599,81
600,98
601,87
602,66
603,53
604,66
605,80
606,60
607,67
608,129
609,83
610,118
611,95
612,113
613,126
614,79
615,79
616,88
617,87
618,83
619,103
620,61
621,105
622,74
623,74
624,91
625,55
626,103
627,79
628,78
629,63
630,41
631,63
632,80
633,74
634,76
635,76
636,82
637,79
638,51
639,62
640,106
641,91
642,104
643,55
644,99
645,61
646,55
647,73
648,58
649,97
650,69
651,103
652,51
653,52
654,71
655,85
656,51
657,83
658,82
659,102
660,71
661,74
662,70
663,80
664,87
665,104
666,62
667,95
668,86
669,86
670,66
671,84
672,99
673,91
674,55
675,96
676,80
677,85
678,77
679,84
680,52
681,84
682,77
683,112
684,90
685,93
686,98
687,103
688,102
689,104
690,86
691,66
692,70
693,79
694,106
695,64
696,66
697,73
698,92
699,74
700,108
701,66
702,72
703,75
704,94
705,80
706,118
707,86
708,92
709,68
710,73
711,70
712,87
713,85
714,82
715,62
716,69
717,77
718,67
719,94
720,91
721,78
722,68
723,88
724,79
725,83
726,109
727,102
728,105
729,74
730,70
731,91
732,50
733,64
734,90
735,75
736,93
737,99
738,84
739,89
740,80
741,85
742,96
743,67
744,74
745,101
746,78
747,81
748,65
749,45
750,77
751,85
752,45
753,82
754,67
755,81
756,85
757,73
758,97
759,74
760,69
761,82
762,88
763,66
764,90
765,81
766,111
767,75
768,74
769,78
770,79
771,86
772,67
773,62
774,107
775,74
776,47
777,85
778,43
779,84
780,83
781,70
782,114
783,69
784,79
785,109
786,49
787,83
788,84
789,88
790,75
791,73
792,63
793,68
794,50
795,66
796,82
797,69
798,66
799,82
800,79
801,58
802,67
803,69
804,55
805,76
806,77
807,75
808,66
809,62
810,69
811,88
812,100
813,92
814,55
815,74
816,68
817,65
818,67
819,75
820,82
821,73
822,59
823,60
824,78
825,95
826,67
827,57
828,54
829,69
830,74
831,71
832,68
833,61
834,59
835,58
836,63
837,71
838,71
839,54
840,78
841,53
842,80
843,80
844,77
845,75
846,65
847,67
848,70
849,34
850,90
851,105
852,71
853,48
854,53
855,73
856,52
857,69
858,60
859,57
860,83
861,52
862,67
863,65
864,57
865,54
866,64
867,59
868,55
869,77
870,77
871,61
872,66
873,45
874,76
875,64
876,66
877,68
878,49
879,70
880,51
881,71
882,57
883,57
884,46
885,46
886,94
887,46
888,58
889,65
890,53
891,53
892,69
893,60
894,79
895,63
896,51
897,48
898,61
899,63
900,43
901,55
902,59
903,74
904,59
905,50
906,58
907,43
908,43
909,87
910,59
911,56
912,56
913,46
914,32
915,81
916,66
917,63
918,71
919,49
920,42
921,55
922,56
923,55
924,78
925,46
926,47
927,48
928,75
929,58
930,31
931,63
932,58
933,55
934,66
935,80
936,77
937,48
938,68
939,72
940,44
941,43
942,53
943,45
944,55
945,31
946,62
947,75
948,54
949,48
950,39
951,44
952,35
953,27
954,53
955,45
956,52
957,44
958,53
959,46
960,60
961,57
962,34
963,58
964,44
965,56
966,62
967,71
968,43
969,33
970,55
971,33
972,50
973,33
974,51
975,55
976,59
977,36
978,40
979,45
980,67
981,52
982,60
983,65
984,60
985,44
986,35
987,60
988,61
989,41
990,56
991,34
992,48
993,35
994,51
995,55
996,37
997,42
998,65
999,45
1000,33
1001,34
1002,35
1003,46
1004,38
1005,63
1006,52
1007,37
1008,51
1009,35
1010,28
1011,47
1012,53
1013,49
1014,29
1015,40
1016,45
1017,32
1018,30
1019,30
1020,33
1021,40
1022,26
1023,38
1024,43
1025,36
1026,40
1027,39
1028,35
1029,52
1030,45
1031,40
1032,40
1033,34
1034,55
1035,36
1036,42
1037,55
1038,35
1039,30
1040,25
1041,21
1042,37
1043,40
1044,33
1045,34
1046,40
1047,35
1048,40
1049,42
1050,28
1051,29
1052,53
1053,41
1054,21
1055,43
1056,39
1057,32
1058,38
1059,30
1060,36
1061,35
1062,32
1063,25
1064,33
1065,48
1066,33
1067,30
1068,38
1069,43
1070,32
1071,43
1072,24
1073,23
1074,59
1075,42
1076,46
1077,41
1078,50
1079,26
1080,37
1081,33
1082,20
1083,35
1084,34
1085,33
1086,27
1087,38
1088,34
1089,31
1090,27
1091,34
1092,26
1093,49
1094,41
1095,25
1096,23
1097,27
1098,41
1099,26
1100,28
1101,35
1102,28
1103,21
1104,38
1105,20
1106,28
1107,18
1108,23
1109,34
1110,44
1111,31
1112,46
1113,25
1114,30
1115,24
1116,30
1117,22
1118,22
1119,26
1120,25
1121,32
1122,42
1123,24
1124,24
1125,20
1126,36
1127,21
1128,41
1129,45
1130,33
1131,34
1132,47
1133,18
1134,37
1135,38
1136,29
1137,29
1138,19
1139,21
1140,25
1141,27
1142,24
1143,25
1144,27
1145,45
1146,16
1147,33
1148,20
1149,14
1150,33
1151,16
1152,37
1153,16
1154,17
1155,22
1156,31
1157,26
1158,14
1159,17
1160,18
1161,19
1162,35
1163,22
1164,30
1165,22
1166,18
1167,22
1168,28
1169,37
1170,14
1171,40
1172,7
1173,25
1174,40
1175,14
1176,27
1177,26
1178,29
1179,18
1180,25
1181,15
1182,25
1183,14
1184,12
1185,27
1186,24
1187,26
1188,18
1189,25
1190,23
1191,21
1192,25
1193,25
1194,33
1195,17
1196,19
1197,21
1198,30
1199,32
1200,27
1201,15
1202,17
1203,22
1204,21
1205,12
1206,9
1207,18
1208,30
1209,22
1210,18
1211,17
1212,23
1213,16
1214,22
1215,17
1216,23
1217,11
1218,31
1219,21
1220,29
1221,27
1222,7
1223,42
1224,22
1225,10
1226,30
1227,29
1228,17
1229,16
1230,20
1231,20
1232,15
1233,24
1234,13
1235,16
1236,22
1237,25
1238,12
1239,26
1240,22
1241,12
1242,22
1243,19
1244,18
1245,14
1246,16
1247,28
1248,24
1249,18
1250,18
1251,22
1252,15
1253,20
1254,16
1255,31
1256,16
1257,12
1258,7
1259,16
1260,10
1261,25
1262,22
1263,20
1264,16
1265,21
1266,17
1267,27
1268,21
1269,20
1270,20
1271,11
1272,30
1273,21
1274,21
1275,12
1276,20
1277,17
1278,20
1279,12
1280,15
1281,26
1282,6
1283,3
1284,19
1285,29
1286,18
1287,24
1288,20
1289,18
1290,24
1291,15
1292,22
1293,21
1294,23
1295,38
1296,25
1297,16
1298,17
1299,14
1300,25
1301,17
1302,16
1303,12
1304,18
1305,23
1306,19
1307,16
1308,13
1309,22
1310,18
1311,17
1312,9
1313,6
1314,19
1315,11
1316,22
1317,20
1318,18
1319,15
1320,12
1321,13
1322,6
1323,10
1324,12
1325,28
1326,21
1327,22
1328,15
1329,14
1330,12
1331,12
1332,12
1333,16
1334,6
1335,24
1336,8
1337,10
1338,9
1339,14
1340,9
1341,8
1342,21
1343,14
1344,26
1345,10
1346,10
1347,16
1348,15
1349,18
1350,13
1351,15
1352,24
1353,23
1354,13
1355,10
1356,25
1357,18
1358,6
1359,10
1360,13
1361,14
1362,16
1363,19
1364,12
1365,10
1366,20
1367,14
1368,21
1369,20
1370,16
1371,20
1372,4
1373,5
1374,17
1375,6
1376,11
1377,14
1378,20
1379,21
1380,22
1381,18
1382,13
1383,24
1384,15
1385,3
1386,11
1387,13
1388,12
1389,19
1390,18
1391,8
1392,19
1393,15
1394,13
1395,16
1396,10
1397,6
1398,28
1399,11
1400,4
1401,17
1402,10
1403,10
1404,16
1405,14
1406,13
1407,11
1408,8
1409,14
1410,18
1411,3
1412,26
1413,16
1414,19
1415,7
1416,17
1417,8
1418,16
1419,12
1420,21
1421,16
1422,11
1423,2
1424,11
1425,14
1426,14
1427,26
1428,24
1429,6
1430,12
1431,8
1432,16
1433,11
1434,16
1435,12
1436,16
1437,12
1438,8
1439,8
1440,14
1441,12
1442,16
1443,7
1444,14
1445,18
1446,12
1447,13
1448,7
1449,10
1450,10
1451,12
1452,12
1453,14
1454,19
1455,14
1456,6
1457,12
1458,14
1459,5
1460,6
1461,8
1462,2
1463,24
1464,16
1465,18
1466,13
1467,6
1468,9
1469,5
1470,19
1471,13
1472,11
1473,8
1474,19
1475,6
1476,10
1477,10
1478,22
1479,12
1480,20
1481,8
1482,12
1483,19
1484,25
1485,13
1486,15
1487,8
1488,10
1489,17
1490,12
1491,12
1492,4
1493,10
1494,18
1495,16
1496,6
1497,10
1498,12
1499,12
1500,8
1501,18
1502,8
1503,10
1504,14
1505,12
1506,14
1507,6
1508,20
1509,24
1510,16
1511,19
1512,18
1513,18
1514,2
1515,7
1516,13
1517,6
1518,5
1519,14
1520,12
1521,12
1522,12
1523,9
1524,10
1525,4
1526,11
1527,15
1528,12
1529,16
1530,10
1531,12
1532,20
1533,7
1534,25
1535,25
1536,19
1537,17
1538,6
1539,14
1540,12
1541,7
1542,16
1543,9
1544,22
1545,4
1546,8
1547,4
1548,10
1549,19
1550,27
1551,10
1552,12
1553,10
1554,12
1555,10
1556,6
1557,16
1558,8
1559,23
1560,6
1561,12
1562,11
1563,8
1564,6
1565,16
1566,9
1567,9
1568,14
1569,8
1570,6
1571,14
1572,20
1573,8
1574,18
1575,4
1576,8
1577,14
1578,11
1579,12
1580,19
1581,4
1582,20
1583,12
1584,8
1585,19
1586,16
1587,8
1588,10
1589,12
1590,8
1591,14
1592,10
1593,5
1594,13
1595,8
1596,18
1597,10
1598,17
1599,7
1600,20
1601,13
1602,18
1603,14
1604,17
1605,9
1606,8
1607,12
1608,10
1609,11
1610,8
1611,16
1612,16
1613,5
1614,9
1615,10
1616,14
1617,14
1618,2
1619,12
1620,11
1621,18
1622,18
1623,13
1624,15
1625,2
1626,10
1627,7
1628,9
1629,2
1630,14
1631,14
1632,23
1633,6
1634,17
1635,16
1636,22
1637,4
1638,4
1639,10
1640,4
1641,14
1642,10
1643,11
1644,19
1645,6
1646,18
1647,10
1648,6
1649,7
1650,16
1651,11
1652,14
1653,12
1654,12
1655,10
1656,14
1657,12
1658,10
1659,10
1660,16
1661,6
1662,8
1663,14
1664,10
1665,6
1666,8
1667,14
1668,2
1669,14
1670,12
1671,12
1673,23
1674,8
1675,6
1676,14
1677,7
1678,8
1679,6
1680,10
1681,14
1682,9
1683,14
1684,8
1685,10
1686,19
1687,16
1688,9
1689,4
1690,8
1691,15
1692,9
1693,9
1694,17
1695,7
1696,7
1697,8
1698,8
1699,6
1700,12
1701,10
1702,11
1703,13
1704,4
1705,15
1706,4
1707,16
1708,7
1709,13
1710,5
1711,14
1712,10
1713,22
1714,10
1715,10
1716,8
1717,8
1718,15
1719,12
1720,5
1721,15
1722,6
1723,10
1724,10
1725,10
1726,6
1727,8
1728,21
1729,12
1730,9
1731,8
1732,4
1733,8
1734,14
1735,12
1736,4
1737,8
1738,14
1739,10
1740,13
1741,10
1742,14
1743,7
1744,4
1745,10
1746,16
1747,15
1748,8
1749,12
1750,8
1751,6
1752,16
1753,18
1754,2
1755,10
1756,14
1757,14
1758,9
1759,9
1760,10
1761,6
1762,4
1763,12
1764,12
1765,6
1766,10
1767,10
1768,6
1769,11
1770,10
1771,12
1772,7
1773,9
1774,8
1775,18
1776,18
1777,6
1778,6
1779,9
1780,6
1781,8
1782,10
1783,8
1784,9
1785,4
1786,10
1787,6
1788,4
1789,15
1790,12
1792,8
1793,12
1794,14
1795,8
1796,14
1797,5
1798,29
1799,2
1800,18
1801,8
1802,3
1803,4
1804,11
1805,2
1806,6
1807,3
1808,17
1809,2
1810,8
1811,11
1812,6
1813,4
1814,15
1815,3
1816,10
1817,13
1818,6
1819,13
1820,10
1821,12
1822,4
1823,8
1824,14
1825,12
1826,13
1827,7
1828,11
1829,11
1830,12
1831,9
1832,8
1833,6
1834,12
1835,8
1836,20
1837,4
1838,14
1839,10
1840,8
1841,6
1842,4
1843,11
1844,2
1845,7
1846,10
1847,2
1848,10
1849,5
1850,12
1851,10
1852,8
1853,18
1854,4
1855,6
1856,4
1857,7
1858,2
1859,10
1860,3
1861,6
1862,4
1863,12
1864,22
1865,7
1866,14
1867,4
1868,6
1869,6
1870,6
1871,2
1872,8
1873,9
1874,13
1875,11
1876,10
1877,4
1878,4
1879,4
1880,12
1882,2
1883,12
1884,10
1885,8
1886,5
1887,4
1888,19
1889,3
1890,2
1891,12
1892,2
1893,2
1894,8
1895,7
1896,8
1897,7
1898,10
1899,10
1900,13
1901,8
1902,4
1903,9
1904,11
1905,8
1906,6
1907,14
1908,4
1909,12
1910,12
1911,4
1912,8
1913,20
1914,8
1915,17
1916,14
1917,4
1918,8
1919,6
1920,6
1921,12
1922,4
1923,3
1924,15
1925,2
1926,10
1927,10
1928,8
1929,10
1930,9
1931,14
1932,4
1933,10
1934,2
1935,7
1936,6
1937,10
1938,5
1939,10
1940,13
1941,4
1942,9
1943,6
1944,9
1945,4
1946,15
1947,8
1948,5
1949,7
1950,4
1951,8
1952,6
1953,7
1954,10
1955,4
1956,4
1957,10
1958,6
1959,6
1960,4
1961,4
1962,6
1963,8
1964,12
1965,3
1966,8
1967,8
1968,8
1969,2
1970,6
1971,6
1972,4
1973,2
1974,2
1975,6
1976,14
1977,4
1978,11
1979,10
1980,7
1981,7
1982,10
1983,4
1984,12
1985,8
1986,9
1987,5
1988,4
1989,6
1990,8
1991,4
1992,4
1993,6
1994,5
1995,8
1996,8
1997,10
1998,10
1999,10
2000,14
2001,12
2002,6
2003,14
2004,6
2005,13
2006,2
2007,8
2008,17
2009,16
2010,6
2011,2
2013,5
2014,5
2015,6
2016,6
2017,8
2018,14
2019,4
2020,8
2021,2
2022,2
2023,4
2024,9
2025,2
2026,8
2027,4
2028,3
2029,6
2030,4
2031,6
2032,6
2033,5
2034,14
2035,4
2036,8
2037,6
2038,5
2039,6
2040,2
2041,6
2042,6
2043,7
2045,6
2046,6
2047,14
2048,8
2049,7
2050,2
2051,6
2052,5
2053,10
2054,5
2055,10
2056,6
2057,2
2058,8
2059,6
2060,6
2061,16
2062,5
2063,7
2064,4
2065,8
2066,8
2067,4
2068,14
2069,14
2070,4
2071,4
2072,6
2073,6
2074,6
2075,7
2076,4
2077,12
2078,9
2079,10
2080,7
2081,8
2082,10
2083,4
2084,4
2085,13
2086,6
2087,12
2088,3
2089,10
2090,12
2091,11
2092,11
2093,13
2094,4
2096,4
2097,2
2098,3
2099,2
2100,10
2102,14
2103,10
2104,10
2105,10
2107,6
2108,2
2109,8
2110,9
2111,5
2112,8
2113,4
2114,8
2115,8
2116,4
2117,1
2118,4
2120,2
2121,8
2122,7
2123,3
2124,6
2125,7
2126,6
2127,4
2128,10
2129,4
2130,2
2132,14
2133,12
2134,8
2135,9
2136,8
2137,6
2138,10
2139,10
2140,14
2141,6
2142,2
2143,16
2144,8
2145,4
2146,12
2147,2
2148,10
2149,6
2150,2
2151,8
2152,6
2153,4
2154,12
2155,2
2156,10
2157,5
2158,6
2159,14
2160,5
2161,6
2162,4
2163,8
2164,8
2165,8
2166,6
2167,6
2168,4
2169,4
2170,6
2171,4
2172,10
2173,13
2174,4
2175,3
2176,8
2177,6
2179,2
2180,4
2181,2
2182,6
2183,6
2184,6
2185,6
2186,4
2187,3
2188,9
2189,6
2191,2
2192,2
2193,1
2194,10
2195,9
2196,4
2197,8
2198,4
2199,10
2200,2
2201,2
2202,6
2203,6
2204,7
2205,4
2206,4
2207,8
2209,7
2210,12
2211,8
2212,2
2213,6
2214,7
2215,6
2216,4
2217,8
2218,4
2219,4
2220,14
2222,10
2223,2
2224,6
2225,9
2226,4
2227,6
2228,5
2229,2
2230,7
2231,12
2232,8
2233,4
2234,6
2235,8
2236,4
2237,4
2238,7
2239,4
2240,3
2241,6
2242,7
2243,4
2244,6
2245,5
2246,2
2247,6
2248,6
2250,4
2251,3
2252,4
2253,8
2254,10
2255,4
2256,6
2257,6
2258,12
2259,2
2260,3
2261,4
2262,6
2263,8
2264,2
2265,1
2266,8
2267,4
2268,6
2269,2
2270,4
2272,8
2274,4
2275,6
2276,4
2277,3
2278,4
2279,6
2280,8
2281,2
2282,6
2283,6
2284,4
2285,4
2286,3
2287,4
2288,2
2289,2
2290,2
2291,6
2293,16
2294,6
2295,3
2296,2
2297,4
2298,4
2299,2
2300,12
2301,2
2302,8
2303,12
2304,2
2305,8
2306,6
2307,4
2308,6
2309,4
2310,2
2311,13
2312,6
2313,9
2314,6
2315,8
2316,12
2317,4
2318,4
2319,6
2320,2
2321,10
2322,6
2323,4
2324,1
2325,2
2326,6
2327,4
2328,6
2329,12
2330,2
2331,2
2332,8
2333,2
2334,6
2335,6
2338,2
2339,2
2340,6
2341,3
2342,10
2343,8
2344,4
2345,12
2346,10
2347,4
2348,4
2349,4
2351,2
2352,4
2353,6
2354,5
2355,4
2357,2
2358,10
2359,6
2361,2
2362,2
2363,6
2364,2
2365,6
2367,2
2368,2
2369,7
2371,6
2372,4
2373,2
2375,6
2376,2
2377,4
2378,14
2379,2
2380,4
2381,8
2382,12
2383,6
2384,3
2385,4
2386,2
2387,4
2388,6
2389,6
2390,4
2391,8
2392,4
2393,4
2394,8
2396,8
2397,6
2399,10
2400,2
2401,10
2402,12
2403,3
2404,6
2405,12
2406,4
2407,6
2408,8
2409,4
2410,8
2411,7
2412,4
2413,12
2414,12
2415,8
2417,2
2418,7
2420,2
2421,2
2422,2
2423,2
2424,2
2425,4
2426,2
2427,7
2428,6
2430,6
2432,4
2433,2
2434,4
2435,4
2436,10
2437,4
2439,2
2440,6
2441,2
2442,2
2443,4
2444,2
2445,10
2446,6
2447,4
2448,10
2450,6
2451,8
2452,3
2453,8
2454,4
2455,10
2456,2
2457,2
2458,2
2460,2
2461,13
2462,5
2463,6
2464,6
2465,8
2466,2
2467,7
2468,6
2469,4
2470,4
2475,7
2476,6
2477,4
2478,8
2479,2
2480,6
2481,2
2482,2
2483,4
2484,6
2485,6
2486,2
2487,6
2488,2
2489,2
2490,2
2491,2
2492,8
2493,6
2494,6
2495,8
2496,4
2497,8
2498,8
2499,12
2500,2
2501,2
2502,4
2503,4
2504,2
2506,12
2507,4
2508,6
2509,6
2510,2
2511,2
2512,8
2514,4
2515,4
2516,12
2517,4
2518,2
2519,3
2520,2
2521,6
2522,2
2523,9
2526,2
2527,2
2528,11
2529,3
2530,7
2531,4
2532,6
2534,1
2535,2
2537,4
2538,4
2539,2
2540,4
2541,9
2542,6
2543,2
2544,3
2545,2
2546,6
2547,8
2548,2
2549,6
2550,2
2551,4
2552,2
2553,8
2554,6
2555,4
2556,6
2557,2
2558,2
2559,4
2562,2
2563,2
2564,3
2566,3
2567,2
2568,3
2569,8
2570,4
2571,2
2572,6
2573,2
2574,2
2575,8
2576,4
2577,2
2578,2
2581,4
2582,3
2583,4
2584,2
2585,6
2587,2
2590,4
2591,2
2592,2
2593,4
2596,6
2597,10
2598,2
2599,2
2600,4
2603,4
2604,2
2605,7
2606,6
2607,6
2608,2
2609,4
2610,4
2611,4
2613,2
2614,4
2615,6
2616,6
2617,6
2618,6
2620,10
2621,2
2622,4
2623,4
2624,6
2626,2
2627,8
2628,2
2629,2
2630,4
2631,4
2632,2
2633,4
2634,2
2635,4
2637,4
2638,2
2640,6
2641,6
2642,2
2643,2
2644,2
2645,2
2646,8
2647,8
2648,4
2649,2
2650,4
2651,8
2652,6
2653,6
2654,4
2655,2
2656,7
2658,1
2659,3
2660,1
2661,1
2662,2
2663,2
2664,2
2666,2
2668,2
2669,6
2670,4
2671,7
2673,2
2674,4
2675,10
2677,4
2678,9
2679,4
2680,2
2681,2
2685,4
2686,2
2687,4
2688,4
2689,8
2690,6
2691,1
2692,4
2693,6
2694,6
2695,4
2696,6
2699,3
2700,6
2701,4
2702,2
2703,4
2704,2
2705,4
2706,2
2707,4
2708,10
2709,8
2710,4
2712,2
2713,2
2714,6
2715,6
2716,6
2717,3
2718,2
2720,4
2722,6
2723,4
2725,6
2726,2
2730,6
2731,12
2732,6
2733,4
2734,5
2735,2
2737,2
2738,6
2740,4
2741,4
2743,4
2744,6
2745,2
2747,2
2748,4
2749,4
2750,2
2751,2
2754,8
2755,2
2756,8
2757,2
2758,4
2759,2
2760,2
2762,2
2763,2
2764,2
2766,2
2767,4
2768,2
2770,2
2771,1
2772,4
2773,1
2774,4
2775,2
2777,2
2778,2
2779,6
2780,2
2781,8
2782,2
2783,4
2784,4
2785,1
2786,2
2787,2
2788,2
2789,8
2790,2
2791,2
2792,4
2793,6
2794,4
2795,2
2796,2
2797,4
2798,2
2799,4
2800,2
2801,2
2803,8
2804,6
2805,2
2807,4
2808,2
2809,2
2811,4
2812,2
2813,2
2814,6
2815,2
2816,12
2817,2
2818,2
2819,12
2822,2
2823,2
2825,2
2826,3
2828,2
2830,4
2831,10
2832,2
2834,4
2835,2
2836,4
2838,2
2839,6
2840,6
2841,2
2843,6
2844,5
2845,4
2846,4
2847,2
2849,12
2850,2
2851,2
2853,10
2854,5
2855,8
2856,2
2857,2
2859,2
2861,2
2862,2
2863,4
2864,6
2866,2
2867,1
2868,8
2870,2
2871,4
2872,2
2873,2
2874,2
2875,8
2876,4
2880,6
2884,4
2885,2
2886,4
2888,4
2889,7
2890,4
2891,2
2892,2
2893,2
2894,4
2896,4
2899,2
2900,8
2902,2
2903,5
2904,2
2906,2
2907,2
2908,4
2909,2
2910,2
2911,4
2912,3
2914,2
2915,2
2917,2
2918,2
2921,4
2922,2
2924,6
2925,2
2927,4
2928,6
2929,2
2930,3
2932,4
2933,4
2935,6
2936,2
2937,2
2938,6
2939,4
2940,2
2941,6
2942,4
2943,4
2944,2
2945,6
2946,6
2947,4
2948,3
2949,4
2950,2
2952,4
2954,2
2955,2
2957,2
2959,4
2961,4
2962,2
2963,3
2964,4
2965,4
2966,3
2967,2
2968,5
2969,2
2970,2
2971,10
2973,4
2975,4
2978,2
2979,2
2980,2
2981,2
2982,2
2983,6
2985,2
2986,2
2987,4
2988,2
2989,6
2993,4
2994,4
2995,6
2996,2
2997,2
2998,2
3000,2
3002,2
3003,2
3004,4
3005,2
3006,2
3007,4
3008,2
3009,6
3011,6
3012,2
3013,4
3014,6
3015,4
3016,2
3019,2
3020,2
3021,2
3024,5
3025,2
3028,2
3029,4
3030,2
3031,4
3036,2
3037,4
3039,6
3040,1
3041,2
3043,2
3044,2
3045,2
3047,2
3048,2
3052,2
3054,2
3055,2
3058,2
3059,2
3060,6
3061,1
3062,2
3064,4
3065,6
3066,2
3067,2
3068,4
3069,2
3071,2
3073,4
3074,2
3075,4
3076,2
3079,6
3081,2
3084,6
3085,4
3090,4
3091,2
3092,2
3095,4
3096,4
3097,2
3098,1
3100,4
3101,5
3104,2
3106,2
3107,2
3108,4
3109,8
3112,6
3113,2
3115,6
3117,2
3118,4
3119,3
3121,2
3122,2
3123,2
3127,4
3128,2
3129,2
3131,6
3134,2
3135,8
3137,2
3138,6
3139,4
3140,2
3142,3
3143,2
3146,1
3148,2
3150,3
3151,4
3152,2
3154,2
3158,2
3161,1
3162,2
3163,5
3165,2
3166,4
3167,4
3169,4
3170,1
3173,2
3175,4
3177,2
3179,3
3181,2
3182,1
3183,2
3184,2
3185,6
3186,2
3187,2
3188,6
3189,2
3191,2
3192,4
3193,2
3194,2
3197,3
3198,2
3199,4
3202,2
3205,4
3206,2
3208,2
3209,4
3210,1
3211,8
3212,1
3213,4
3215,6
3218,2
3221,4
3222,2
3226,2
3228,2
3235,6
3237,2
3239,2
3240,8
3242,2
3243,1
3244,2
3251,8
3252,2
3255,12
3256,2
3258,5
3259,3
3260,4
3261,9
3264,2
3265,2
3266,2
3267,2
3268,4
3272,6
3273,4
3274,4
3275,4
3276,5
3277,2
3280,2
3281,4
3286,2
3287,6
3288,6
3289,2
3292,4
3294,4
3295,2
3297,2
3298,2
3299,4
3302,2
3305,2
3306,6
3308,4
3311,4
3313,5
3315,9
3317,2
3321,4
3322,2
3323,2
3324,2
3325,6
3326,2
3327,4
3328,2
3330,4
3332,2
3333,2
3334,2
3335,4
3341,4
3342,2
3344,4
3345,2
3346,4
3348,3
3349,2
3351,4
3353,6
3355,6
3359,2
3366,1
3367,2
3368,2
3369,2
3370,4
3373,2
3375,2
3376,8
3377,2
3378,2
3380,2
3384,6
3385,2
3388,2
3389,2
3391,2
3392,6
3396,2
3397,2
3399,2
3400,2
3401,6
3402,2
3404,1
3407,4
3408,2
3410,4
3411,2
3416,2
3417,3
3418,4
3419,2
3420,2
3422,2
3423,2
3426,2
3427,3
3428,2
3432,2
3433,4
3434,2
3435,2
3438,4
3439,2
3441,2
3442,2
3444,4
3445,2
3447,6
3448,4
3449,2
3451,4
3453,4
3455,2
3456,2
3457,6
3458,2
3462,4
3465,2
3466,2
3467,2
3469,2
3470,4
3471,4
3472,2
3474,3
3475,1
3476,5
3477,2
3478,6
3481,4
3482,3
3483,3
3484,2
3485,1
3486,2
3489,2
3490,2
3492,2
3493,2
3495,2
3496,2
3498,2
3499,2
3501,2
3504,4
3505,2
3511,2
3514,1
3516,4
3518,2
3519,2
3520,2
3522,2
3523,3
3524,2
3527,2
3534,4
3536,5
3539,2
3541,1
3542,2
3543,2
3544,4
3548,1
3554,4
3559,2
3560,4
3561,2
3562,3
3563,2
3564,2
3565,2
3566,6
3567,8
3568,2
3569,2
3571,2
3572,1
3573,2
3574,10
3581,2
3582,6
3584,2
3586,4
3587,4
3588,2
3591,2
3596,2
3599,1
3600,2
3602,2
3604,3
3605,2
3607,2
3608,2
3609,2
3612,4
3616,6
3617,1
3622,2
3623,1
3626,2
3628,2
3630,1
3631,2
3633,6
3635,2
3636,2
3639,2
3644,1
3645,2
3647,4
3649,2
3650,2
3652,2
3654,2
3656,4
3658,2
3659,2
3661,2
3662,2
3663,4
3664,2
3665,2
3666,10
3667,2
3673,2
3674,1
3675,6
3676,2
3677,2
3679,2
3683,4
3684,9
3685,2
3686,2
3692,2
3693,2
3695,1
3696,1
3697,2
3698,2
3700,4
3705,6
3708,2
3710,2
3712,2
3713,2
3715,2
3718,2
3720,2
3721,4
3724,4
3725,2
3726,2
3728,2
3730,4
3732,1
3733,6
3734,2
3735,2
3738,2
3740,2
3741,4
3745,3
3746,4
3747,4
3748,2
3750,1
3753,2
3761,2
3766,4
3767,2
3770,2
3776,4
3778,6
3782,2
3783,4
3784,2
3786,4
3787,2
3788,2
3791,2
3793,2
3794,2
3795,1
3797,4
3798,1
3804,2
3805,1
3806,1
3807,2
3814,4
3817,2
3818,1
3819,4
3824,2
3825,2
3826,8
3829,4
3830,4
3833,4
3834,2
3840,2
3841,2
3842,2
3843,2
3844,2
3845,2
3847,1
3852,4
3853,2
3856,4
3857,1
3858,2
3859,2
3860,2
3863,2
3865,5
3867,4
3868,3
3871,2
3874,2
3877,3
3879,2
3880,2
3881,2
3889,2
3892,2
3893,4
3895,4
3898,2
3899,2
3900,2
3904,2
3912,2
3913,2
3914,2
3917,2
3918,2
3920,2
3922,2
3924,2
3927,4
3930,4
3932,2
3933,4
3934,4
3935,2
3939,4
3941,1
3946,2
3947,3
3952,2
3953,4
3956,4
3957,2
3962,4
3964,2
3965,2
3967,2
3968,2
3972,2
3973,4
3974,4
3976,2
3977,1
3980,1
3987,1
3990,2
3991,2
3994,2
3997,2
3998,1
3999,4
4000,8
4001,2
4004,4
4005,2
4006,1
4009,1
4010,4
4011,2
4015,2
4019,1
4020,4
4024,3
4027,2
4028,2
4029,4
4030,3
4035,2
4042,4
4043,2
4050,2
4056,2
4058,2
4061,2
4065,2
4066,2
4070,2
4074,2
4079,2
4080,4
4082,2
4084,3
4086,2
4087,3
4088,2
4090,2
4092,4
4094,2
4102,2
4107,2
4108,2
4109,2
4113,2
4114,4
4116,2
4120,2
4121,2
4126,2
4132,3
4138,2
4139,4
4141,2
4143,2
4148,4
4150,2
4152,2
4154,2
4157,2
4158,2
4159,2
4160,2
4163,5
4168,2
4169,2
4171,2
4180,2
4181,2
4183,2
4187,2
4188,2
4189,1
4191,2
4192,2
4197,2
4199,4
4200,2
4205,1
4206,2
4212,2
4213,4
4215,4
4220,1
4224,2
4226,2
4227,2
4232,4
4236,2
4238,2
4247,2
4248,2
4249,2
4250,2
4252,2
4269,2
4270,2
4272,2
4274,1
4275,2
4277,2
4279,2
4283,2
4286,2
4299,6
4300,2
4314,2
4319,4
4320,2
4321,2
4324,4
4332,2
4338,2
4348,2
4350,3
4352,2
4353,4
4358,2
4362,4
4363,1
4364,1
4372,2
4376,4
4379,2
4380,1
4385,2
4386,2
4389,1
4390,2
4391,2
4397,1
4401,2
4406,2
4407,3
4409,2
4417,1
4419,6
4421,2
4423,2
4430,2
4431,2
4437,2
4442,2
4453,2
4454,2
4460,4
4461,2
4464,4
4470,2
4479,2
4480,1
4483,2
4487,2
4489,1
4496,2
4499,2
4500,4
4501,1
4503,2
4505,1
4517,1
4519,2
4523,2
4529,1
4530,2
4532,2
4537,2
4540,4
4543,2
4548,4
4552,4
4553,2
4561,2
4562,2
4566,2
4568,2
4570,3
4571,2
4576,4
4580,2
4582,2
4584,2
4588,2
4591,2
4594,2
4600,2
4601,2
4610,1
4616,2
4618,4
4620,1
4623,4
4626,2
4632,2
4635,2
4638,2
4639,5
4641,2
4642,2
4644,4
4645,3
4650,4
4653,4
4654,2
4658,2
4660,2
4682,2
4685,2
4689,2
4693,2
4700,2
4701,4
4704,2
4705,4
4711,3
4714,2
4718,2
4723,2
4729,1
4733,1
4735,3
4737,2
4738,1
4745,2
4746,1
4748,2
4760,3
4764,2
4768,1
4770,2
4771,1
4776,2
4777,2
4778,2
4784,5
4789,1
4790,2
4791,3
4796,2
4797,4
4800,2
4801,2
4805,1
4809,2
4813,1
4814,2
4817,2
4821,2
4823,1
4835,2
4848,1
4852,2
4853,4
4858,2
4869,2
4870,2
4871,2
4872,2
4881,1
4883,2
4884,2
4886,2
4910,2
4911,2
4925,2
4933,1
4934,4
4935,2
4936,2
4939,2
4942,2
4956,2
4958,2
4959,2
4965,2
4968,2
4975,2
4977,1
4981,2
4984,2
4985,2
4993,2
4996,2
5000,2
5011,2
5029,3
5031,2
5032,2
5033,1
5034,2
5042,2
5047,1
5052,1
5053,1
5054,2
5057,1
5059,4
5061,2
5062,2
5070,4
5076,2
5078,2
5079,2
5086,2
5089,2
5093,4
5095,5
5104,2
5105,1
5107,2
5108,1
5115,2
5117,2
5123,2
5136,2
5137,4
5139,2
5146,2
5152,2
5155,2
5157,1
5159,2
5169,2
5173,2
5174,1
5186,4
5187,2
5200,1
5204,2
5207,2
5211,2
5212,1
5220,4
5229,2
5233,2
5239,2
5241,2
5251,4
5258,2
5264,1
5265,2
5270,1
5272,2
5273,2
5277,2
5288,1
5314,2
5319,1
5340,2
5343,2
5346,4
5348,2
5352,2
5357,2
5363,1
5371,2
5378,1
5383,2
5390,1
5391,2
5406,4
5415,2
5417,2
5422,2
5423,2
5424,2
5425,1
5427,2
5432,2
5463,2
5467,2
5469,2
5471,2
5474,2
5475,1
5487,2
5488,2
5500,2
5504,2
5505,1
5513,3
5514,2
5517,2
5519,3
5520,2
5522,2
5524,1
5527,2
5528,2
5532,1
5546,2
5551,2
5562,2
5568,1
5599,1
5602,2
5606,2
5619,2
5625,2
5640,1
5643,2
5646,2
5648,1
5652,2
5655,2
5664,2
5671,1
5687,2
5690,2
5693,2
5695,2
5698,2
5702,2
5704,4
5719,2
5740,1
5748,2
5750,2
5773,2
5775,2
5794,2
5798,2
5804,2
5805,1
5813,2
5817,1
5819,2
5854,2
5860,2
5876,2
5881,2
5885,2
5891,2
5894,2
5897,2
5918,1
5921,2
5922,2
5928,2
5933,2
5942,4
5971,3
5978,2
5983,2
5995,2
6016,2
6019,2
6048,2
6064,2
6073,2
6075,2
6082,2
6084,1
6106,1
6107,2
6115,2
6138,2
6155,2
6178,1
6183,1
6187,2
6198,2
6200,3
6204,1
6211,2
6223,1
6224,2
6229,1
6234,3
6268,1
6273,2
6274,2
6284,2
6299,2
6307,2
6312,1
6327,2
6332,2
6343,2
6352,2
6360,2
6372,1
6389,2
6392,1
6394,2
6397,6
6400,2
6405,2
6418,2
6423,2
6433,2
6450,1
6455,1
6458,2
6463,1
6470,2
6496,2
6519,2
6551,2
6554,2
6559,1
6578,2
6587,2
6588,2
6594,2
6607,1
6615,2
6625,1
6634,2
6642,3
6647,2
6654,3
6659,1
6691,2
6704,2
6708,1
6737,2
6740,2
6743,2
6756,2
6771,2
6814,2
6823,1
6840,2
6843,2
6846,1
6882,2
6909,2
6925,1
6962,1
6978,2
6981,1
6990,2
7001,2
7002,2
7014,2
7022,2
7045,2
7051,2
7077,2
7079,1
7106,2
7111,1
7132,1
7134,2
7145,2
7165,2
7166,2
7206,2
7213,2
7232,2
7242,2
7243,2
7257,2
7264,2
7270,1
7295,2
7296,2
7312,2
7318,1
7328,2
7333,2
7335,1
7342,2
7353,2
7371,1
7392,2
7435,2
7501,2
7512,2
7523,1
7527,2
7531,2
7561,2
7566,1
7581,1
7596,2
7631,2
7679,2
7735,1
7758,2
7773,2
7803,2
7851,2
7858,2
7903,2
7921,2
7959,2
7972,2
7987,2
7998,2
8000,1
8017,2
8025,2
8069,1
8102,2
8121,1
8151,2
8173,2
8221,4
8223,2
8227,2
8233,2
8238,2
8246,2
8414,2
8433,2
8437,1
8464,2
8468,1
8474,2
8489,1
8492,2
8502,2
8539,1
8591,1
8593,2
8637,2
8644,1
8657,2
8673,2
8674,2
8694,2
8728,1
8729,2
8797,1
8803,2
8815,2
8882,1
8904,2
8914,2
8950,1
8953,2
8990,2
9069,2
9140,2
9145,2
9166,2
9253,2
9290,2
9308,2
9346,2
9349,2
9361,2
9445,2
9451,2
9456,2
9465,2
9551,2
9560,2
9574,2
9589,1
9595,1
9624,1
9664,1
9667,1
9714,2
9723,1
9728,2
9749,2
9862,1
9930,2
9984,2
9994,1
10063,2
10143,1
10155,2
10161,2
10172,1
10177,1
10196,2
10200,1
10229,2
10239,1
10240,2
10258,1
10350,2
10379,2
10386,2
10401,1
10486,2
10490,2
10534,2
10559,2
10772,2
10809,1
10820,2
10905,2
10974,1
11096,2
11259,2
11356,1
11375,2
11444,2
11920,2
11976,1
12175,2
12261,2
12463,2
12500,1
12684,2
12782,2
12815,2
12863,2
12952,1
12969,2
13084,2
13111,1
13311,2
13448,2
13575,1
13608,2
13723,2
13920,2
14038,2
14200,1
14285,2
14682,2
15107,2
15170,2
15204,2
16510,2
16803,2
17480,1
17609,1
17776,1
18436,1
18961,1
20900,2
21135,1
21223,1
22581,1
